id,first_name,last_name,date_of_birth,start_of_study
1,Dannel,Wrassell,2024-02-05,2001
2,Zachery,Lyffe,2023-07-26,1999
3,Cybil,Novello,2024-01-14,1994
4,Adrianna,Joslow,2024-05-25,2004
5,Nichols,Sharplin,2024-02-14,1984
6,Ericha,Evitt,2023-08-03,1997
7,Lonnard,Scollick,2024-04-13,2007
8,Franchot,Gluyus,2023-09-12,1994
9,Barron,Broseman,2023-12-15,2001
10,Barbette,Jodrelle,2023-09-18,2002
11,Thatcher,Bursell,2024-04-23,1993
12,Tootsie,O'Quin,2023-12-05,2006
13,Charo,Hillen,2023-07-26,2011
14,Yolanthe,Looks,2024-04-18,2003
15,Imelda,Kimbell,2024-01-27,2006
16,De,Critzen,2024-01-21,2011
17,Ervin,Rainon,2023-11-25,1992
18,Ezekiel,Gebby,2023-11-06,2002
19,Jorey,Caughan,2024-04-07,1994
20,Warren,Bondesen,2023-07-17,1995
21,Tildie,Aleevy,2023-07-20,1995
22,Tish,Pock,2023-06-21,1986
23,Oneida,Billows,2023-07-26,1983
24,Clark,Cavalier,2024-02-16,2002
25,Ondrea,Rothert,2023-12-07,2009
26,Mikey,Orrock,2024-04-25,1993
27,Verina,Bugden,2024-03-29,1991
28,Oswald,Brolechan,2023-12-02,2013
29,Nataline,Cade,2023-09-03,1998
30,Maye,M'Chirrie,2023-06-29,2004
31,Tresa,Bris,2024-03-26,1998
32,Salim,Schoales,2024-05-09,2012
33,Dasie,Temlett,2024-05-01,1993
34,Annabell,Audrey,2023-05-27,1996
35,Brunhilde,MacDunlevy,2023-10-21,2012
36,Shadow,Windebank,2023-12-27,2003
37,Royall,Champness,2024-02-25,1994
38,Stearn,Klawi,2023-12-17,1990
39,Nert,Adamowitz,2024-02-15,1994
40,Ignacio,Vaux,2023-08-14,2008
41,Meyer,Matei,2023-09-09,1999
42,Robby,Benmore,2024-04-22,2001
43,Oswell,Beardow,2023-12-25,1999
44,Lyndsie,Foddy,2024-02-22,1992
45,Buddy,Crippen,2023-12-30,1993
46,Christoffer,Seamarke,2023-07-23,2007
47,Nyssa,Northleigh,2023-06-29,1998
48,Kesley,Dy,2023-12-20,2012
49,Roberto,Filgate,2024-04-16,2011
50,Zelma,Trask,2023-08-16,2008
51,Raoul,Raise,2023-09-08,2001
52,Halli,Angove,2023-09-29,1995
53,Virgie,Ivakhin,2023-07-07,2010
54,Josiah,Bortolazzi,2023-08-29,1993
55,Dan,Licciardo,2024-04-16,2012
56,Patricia,Headington,2023-09-09,2009
57,Alexi,Harbidge,2023-11-29,2009
58,Farrell,Castanyer,2023-09-14,2001
59,Tania,Siseland,2023-06-30,2006
60,Marrissa,Trineman,2024-04-22,1988
61,Brendon,Quarrie,2023-07-09,1993
62,Luca,Hast,2024-05-18,1984
63,Maurice,Senett,2024-03-14,2012
64,Baldwin,Rotherforth,2024-04-07,1995
65,Roanne,Callendar,2023-12-14,2004
66,Dorena,Ashurst,2023-09-05,2000
67,Concettina,Western,2023-06-04,2009
68,Anderea,Creamer,2023-09-07,2010
69,Araldo,Klimshuk,2023-10-25,1992
70,Aeriell,Hucks,2024-02-01,2006
71,Maurita,Higgan,2023-12-10,1992
72,Robinett,Cristofanini,2023-06-06,1993
73,Kath,Cockarill,2023-12-19,1995
74,Reider,Gott,2024-01-07,1971
75,Wallie,Feronet,2023-08-10,1995
76,Eleanora,Hugle,2023-10-02,2009
77,Hall,Doole,2024-03-21,1984
78,Burr,Croley,2023-08-11,2005
79,Christen,Firpi,2024-04-09,1998
80,Lanie,Allbones,2023-12-26,2006
81,Wake,Dollman,2024-04-08,2008
82,Bondie,Cutcliffe,2024-01-01,2011
83,Juli,MacNalley,2023-08-31,2009
84,Bernetta,Spary,2023-07-02,1998
85,Gwendolin,Stripp,2024-03-01,2008
86,Brianne,Kirvell,2023-10-15,2011
87,Callida,Ascrofte,2023-09-12,2005
88,Reta,Cobley,2023-08-24,1993
89,Errick,McShea,2023-08-29,1977
90,Hadria,Gothard,2023-08-05,2008
91,Phelia,McAsgill,2023-10-09,1997
92,Lacie,Ettles,2023-10-31,2003
93,Sherwin,Juliano,2024-05-05,1997
94,Gabie,Cowperthwaite,2023-12-18,1991
95,Monah,Pauncefort,2023-12-21,2007
96,Moyna,Labadini,2023-09-20,2003
97,Ricardo,Pattison,2024-04-21,1997
98,Darcee,Allery,2023-12-03,2008
99,Byrle,Krop,2023-11-23,2001
100,Farlee,Bolter,2023-06-07,2012
101,Jannel,McNeely,2023-10-08,2010
102,Dani,Mawford,2023-12-09,1975
103,Sylvia,Cuberley,2024-01-10,1997
104,Katee,Pointer,2023-08-26,1961
105,Esma,Parnell,2023-06-25,1980
106,Salim,Georges,2024-01-01,2009
107,Alyssa,Boteman,2024-04-30,1989
108,Florette,Slimon,2024-02-23,2009
109,Morgan,Stockman,2023-07-31,2009
110,Byran,Hurrion,2023-06-26,1998
111,Cirillo,Wykes,2023-09-25,2004
112,Lida,Rallings,2023-12-16,1993
113,Johann,Madeley,2024-01-29,1992
114,Valdemar,Fairlem,2024-02-13,2007
115,Demetri,Swiffan,2023-10-22,2000
116,Elaina,Teare,2024-01-24,2010
117,Ted,Flather,2024-03-09,2001
118,Janelle,Allwell,2023-12-04,1997
119,Harv,McConnel,2023-11-21,2005
120,Prudence,Elloy,2023-08-07,1987
121,Domeniga,Hanington,2023-06-28,2003
122,Siouxie,Iacovuzzi,2024-02-23,1995
123,Karie,Aronstam,2023-06-14,1987
124,Georgianna,Dealy,2024-05-11,2007
125,Miquela,Samworth,2024-01-09,2007
126,Hugh,Peckitt,2023-07-30,2009
127,Randie,Fontell,2024-01-09,2001
128,Elfie,Terzza,2024-02-08,1991
129,Shannah,Bickerstaff,2024-03-19,2000
130,Annette,Hunton,2023-05-28,2005
131,Aluin,Becke,2023-06-26,1996
132,Aldon,Lockyer,2024-04-05,2009
133,Muffin,MacGray,2023-07-15,1988
134,Shayla,Hanks,2023-12-29,2003
135,Britt,Rummins,2024-03-31,2006
136,Ricard,Dormer,2023-07-30,2009
137,Torre,Pedican,2023-10-08,2012
138,Kerby,Gillanders,2023-07-07,1997
139,Orion,Granham,2024-02-10,2003
140,Carmina,Dilon,2023-12-08,1986
141,Bonnee,Aspey,2023-10-11,2006
142,Nadine,Bernhardi,2023-09-23,2005
143,Barbabra,Hanretty,2024-02-04,2004
144,Marty,Merwede,2023-06-07,1992
145,Lynea,Cawsby,2024-02-17,1998
146,Porty,Durrett,2024-04-23,2008
147,Chilton,Anderson,2023-11-19,1991
148,Melessa,Galbraeth,2023-11-18,2009
149,Vania,Bolland,2023-10-23,2005
150,Marion,Saltern,2024-04-30,1995
151,Gabriellia,Casson,2023-11-29,2005
152,Leticia,Chatterton,2023-12-08,1995
153,Brook,Joontjes,2024-02-13,1994
154,Victoria,Stihl,2023-11-20,2001
155,Johnnie,Wissby,2024-03-26,2000
156,Blair,Kepe,2023-12-29,2011
157,Sallyann,Lythgoe,2024-05-03,2011
158,Ricoriki,Normanvill,2024-05-11,2007
159,Ikey,Schulz,2024-01-19,2007
160,Tobi,Pibsworth,2024-01-15,2006
161,Akim,Syversen,2023-12-30,2011
162,Kameko,Osanne,2024-03-11,1993
163,Neville,MacGee,2024-04-08,2012
164,Willa,Charteris,2023-08-11,1993
165,Marline,Fudger,2024-05-17,2000
166,Gertrude,Mercey,2023-10-29,1987
167,Rollo,Filppetti,2023-07-25,2011
168,Sebastiano,Bloxholm,2023-12-29,1992
169,Terrill,ducarme,2023-09-07,2007
170,Barbara-anne,Galego,2024-01-29,1983
171,Adelaide,Tames,2023-11-14,2006
172,Cymbre,Maddie,2024-02-02,2007
173,Prue,Segoe,2024-02-05,2003
174,Genevra,Kettlewell,2023-11-30,1995
175,Chandal,Wildgoose,2024-02-05,2001
176,Corina,Wyard,2024-04-08,2012
177,Abbye,Carnow,2023-09-16,1993
178,Allie,Cruddace,2023-08-09,1999
179,Loralee,McMylor,2023-12-25,1985
180,Leola,Goult,2023-06-13,1998
181,Maddalena,Murty,2024-01-18,1991
182,Gaylor,Snoddy,2024-01-06,1993
183,Brett,Gaymer,2024-03-15,2007
184,Chucho,Freezer,2023-06-24,2009
185,Hanna,Arnowicz,2023-12-30,2008
186,Byrom,Krates,2023-12-04,1988
187,Mellisent,Antonnikov,2023-06-07,2001
188,Ferdinanda,Harg,2024-03-06,1973
189,Gael,Wewell,2023-08-05,2012
190,Abbye,Elvey,2023-07-04,2001
191,Renado,Binford,2023-12-17,2000
192,Ravi,Stronough,2023-12-29,1993
193,Nicoli,Quibell,2023-11-04,2005
194,Ivie,Navein,2024-03-01,2001
195,Gerladina,Farrance,2023-08-01,2001
196,Stefan,Finnick,2024-03-17,1993
197,Brody,Skechley,2023-09-28,1997
198,Fulvia,Allchorn,2024-04-27,2009
199,Hartwell,Collum,2023-06-20,2007
200,Helen-elizabeth,Lorenzini,2023-08-21,1995
201,Suellen,Smart,2023-09-11,2009
202,Eda,Harrowell,2024-02-29,1992
203,Charmain,Denny,2024-05-15,2006
204,Viola,Knill,2024-01-22,2003
205,Bearnard,Todd,2024-05-09,1997
206,Wadsworth,de Marco,2024-02-08,2006
207,Nealon,McGready,2024-04-03,2005
208,May,Lundon,2023-10-01,1992
209,Melonie,McPaike,2024-01-18,1970
210,Valera,Dabel,2023-10-07,2003
211,Violante,Chadderton,2024-04-13,1998
212,Dulcea,Dunsmuir,2023-10-19,1999
213,Rustin,Riggott,2023-10-20,1985
214,Preston,Blues,2023-06-19,2003
215,Jobie,O'Currigan,2023-09-03,2011
216,Gram,Ruston,2023-11-26,1985
217,Andreana,Braune,2023-06-03,2005
218,Gabbey,Glasbey,2023-10-25,2001
219,Brynna,Sellers,2023-06-20,2008
220,Agathe,Wheildon,2023-10-14,2005
221,Jaclin,Pringour,2024-05-16,1990
222,Duffie,Carnock,2023-09-04,2011
223,Johan,Stirley,2023-09-22,1997
224,Daron,Sandhill,2023-07-08,1994
225,Kerianne,Walkinshaw,2023-07-16,1992
226,Zelda,Paish,2023-06-11,1994
227,Kriste,Schulkins,2023-11-06,2011
228,Etta,Zambonini,2024-01-26,2005
229,Sylvan,O'Fielly,2024-03-29,1999
230,Tildie,Parry,2023-09-13,2002
231,Thekla,Tungay,2024-04-16,1993
232,Tony,Metheringham,2023-11-29,1996
233,Valma,Heathcote,2023-12-23,2001
234,Lucina,Chalcot,2023-09-28,1985
235,Martina,Bodle,2024-02-17,2000
236,Kissiah,Goaks,2023-07-01,1983
237,Janene,Raselles,2023-10-27,1990
238,Maureen,Dowley,2023-06-24,1986
239,Heidie,Morgon,2023-11-15,1998
240,Haskell,Jilliss,2023-08-01,2003
241,Benedict,Cruddace,2024-04-10,1995
242,Lane,Firbank,2023-11-14,1993
243,Joelle,Setford,2024-04-15,1999
244,Lindy,Hedworth,2023-08-30,1997
245,Timoteo,Jerrams,2024-02-16,2007
246,Valaria,Goodsir,2023-12-16,2001
247,Halley,Yokel,2024-03-12,2005
248,Iggy,Pritty,2024-02-08,1997
249,Nancie,Ringham,2023-08-15,2012
250,Adrianne,Splevins,2024-01-31,2008
251,Artur,Garroch,2023-10-29,2002
252,Nap,Redihalgh,2023-11-12,1992
253,Sylvester,Fawcett,2023-12-11,2001
254,Vaclav,Melliard,2023-10-20,2002
255,Dolph,Rustan,2023-10-29,2010
256,Marla,Rawstorn,2023-12-28,1994
257,Harriott,Elman,2023-09-14,2006
258,Mace,Loveard,2023-12-27,2009
259,Hannis,Senussi,2023-09-14,1992
260,Angie,Veschi,2024-01-16,2008
261,Kerstin,McDonald,2024-01-18,2006
262,Elvira,Waterstone,2023-10-02,2007
263,Sher,Shurmer,2023-06-03,2010
264,Sigfried,Shovelbottom,2024-01-17,2010
265,Adrienne,Benedick,2024-03-06,2010
266,Selie,Borless,2024-05-10,2010
267,Barbaraanne,O'Feeny,2024-03-06,1995
268,Byrann,Iffe,2023-07-05,1995
269,Glendon,Kinmond,2023-06-28,1994
270,Farley,Human,2023-12-13,1999
271,Ethelred,Ledrun,2024-02-10,2008
272,Sharla,Cruden,2023-11-26,1999
273,Avram,Forsaith,2023-12-21,1995
274,Theodosia,Kinrade,2023-09-02,1978
275,Karl,Burkhill,2023-06-17,2010
276,Sybila,Knowling,2023-12-13,2010
277,Ericka,Poulden,2024-01-08,2012
278,Ari,Vipan,2023-07-24,2004
279,Derby,Brilon,2023-08-02,1984
280,Any,Wardley,2023-08-12,2009
281,Bradford,Rossborough,2023-07-14,1996
282,Pierre,Whitelock,2023-11-09,2011
283,Zia,Dudhill,2023-07-06,2011
284,Dianna,Renwick,2024-01-05,1994
285,Maure,Bischop,2023-11-24,2007
286,Rosamond,Iglesias,2023-05-29,2011
287,Matthaeus,Rain,2024-03-28,2009
288,Doris,Moreland,2023-07-28,1998
289,Gerry,Sallan,2024-03-30,1987
290,Trueman,Johnston,2023-09-21,2007
291,Pinchas,Arnaez,2024-05-14,1996
292,Simone,McGivena,2023-06-08,1978
293,Marylinda,Esterbrook,2024-04-16,2004
294,Johny,Tunnicliff,2023-09-18,2001
295,Emmerich,Benyan,2023-07-11,1992
296,Sybila,Watting,2023-08-05,1994
297,Morey,Kayzer,2023-10-27,1993
298,Dalt,Durante,2023-06-27,1984
299,Jannel,Hartle,2023-10-03,1993
300,Robbert,Maceur,2023-07-08,2005
301,Amata,Vye,2024-05-09,1992
302,Alicea,Hammerberg,2023-12-02,2010
303,Arly,Studholme,2023-10-22,1998
304,Glen,Godon,2024-04-02,2008
305,Ciro,MacNess,2024-04-16,2008
306,Carmine,Reimer,2024-04-27,1999
307,Ward,Gouldbourn,2023-06-11,2008
308,Amy,Gledhill,2023-06-05,1993
309,Glenn,Runchman,2024-04-30,1976
310,Walton,Wandrey,2023-09-04,1995
311,Saul,Newport,2023-06-22,1968
312,Benyamin,Standfield,2024-01-21,1991
313,Mata,Bains,2024-04-20,2008
314,Fernando,Treweek,2023-06-07,1992
315,Vick,Howe,2024-05-03,2006
316,Val,Sigart,2023-10-10,2003
317,Catarina,Arbon,2023-08-10,2012
318,Thibaut,Davidson,2024-02-02,2011
319,Rochette,Davers,2023-11-10,1994
320,Lyon,Quenby,2024-04-20,2004
321,Reider,Farden,2023-08-06,2006
322,Thornie,Swettenham,2023-06-03,2008
323,Carol-jean,McBayne,2023-10-10,2010
324,Christa,Frackiewicz,2024-01-11,2004
325,Bobette,Rishworth,2023-06-01,1986
326,Lea,Wheatman,2023-12-03,1997
327,Guillermo,Overnell,2023-08-01,1996
328,Patric,Chable,2024-05-14,1998
329,Lelia,Scranny,2024-01-13,1992
330,Chan,Bachelar,2023-09-16,2007
331,Berti,Paskerful,2023-08-30,2006
332,Rubina,Twinning,2023-11-26,2007
333,Sidoney,Kunkel,2023-11-15,2002
334,Florencia,Bellam,2024-01-20,2003
335,Lee,Placidi,2023-06-06,2005
336,Alleen,Cuer,2024-02-19,1988
337,Norene,Rorke,2023-09-24,2003
338,Carin,McGrey,2023-07-18,2010
339,Gareth,Lantuff,2023-06-10,2009
340,Isabelle,Fishe,2023-07-24,2000
341,Zorana,Wait,2023-12-07,2004
342,Shaylah,Conichie,2023-07-07,1998
343,Dael,Mimmack,2023-10-29,1976
344,Darbie,Shambrooke,2023-10-27,1990
345,Selle,Ranyard,2024-03-26,2010
346,Renaud,Gildersleaves,2023-06-15,1995
347,Jacki,Mathevet,2023-11-09,2001
348,Clarey,Oxby,2024-01-18,1994
349,Erroll,Benam,2024-03-12,2008
350,Tanney,Cursey,2023-11-07,2004
351,Gwynne,McGerr,2023-10-30,2009
352,Elke,Yukhtin,2024-04-21,1995
353,Lester,Villar,2023-08-04,1984
354,Molli,Duchesne,2024-05-15,2012
355,Lesya,Hestrop,2024-03-10,2012
356,Raina,Ryding,2023-12-13,2010
357,Ive,Haryngton,2023-11-06,2010
358,Care,Meins,2023-12-06,1959
359,Dayle,Benger,2024-01-28,2002
360,Kayley,Coleby,2024-01-22,1990
361,Cathy,Mazella,2023-08-05,1993
362,Lori,Papachristophorou,2023-10-08,1972
363,Christian,Phillp,2023-09-06,1997
364,Bryan,Shoosmith,2024-02-19,1999
365,Alister,Pracy,2024-01-28,1997
366,Norman,Dallinder,2023-10-09,1989
367,Christean,Blything,2023-09-17,1986
368,Hussein,Bausmann,2023-10-07,2004
369,Carolina,Lindroos,2023-07-08,1996
370,Max,Thornhill,2024-02-06,1993
371,Dirk,Sirett,2023-08-13,2011
372,Darcie,Pfeuffer,2024-05-18,2000
373,Lexi,Cattellion,2023-09-01,2000
374,Maddy,Devey,2023-12-11,1995
375,Robby,Beckers,2023-10-26,1995
376,Ruthi,Schnitter,2023-11-15,2010
377,Grange,Artharg,2024-01-21,2009
378,Birdie,Rickerby,2024-04-09,1995
379,Joann,Leighfield,2024-05-16,2006
380,Kathy,Rewan,2023-12-09,2003
381,Doro,Horbart,2024-03-30,2006
382,Carlynn,Gallop,2023-07-21,2010
383,Tonye,Wallsworth,2024-02-28,1990
384,Martica,Larkworthy,2024-03-17,2008
385,Holden,Hackley,2023-12-28,2006
386,Dean,Dowman,2023-07-10,2009
387,Donelle,Daud,2023-10-23,2011
388,Dallas,Clutton,2023-12-22,2000
389,Roddy,Billington,2024-04-20,2009
390,Kearney,Britney,2023-05-27,1992
391,Jobie,Haldane,2024-01-20,1998
392,Joel,Kitchiner,2023-12-20,2009
393,Maia,Broadwell,2024-02-09,2003
394,Hoyt,Rumford,2023-06-27,2003
395,Jasmine,Hertwell,2024-02-14,1991
396,Trudey,Chittie,2023-10-06,2005
397,Roselle,Passingham,2023-09-09,2002
398,Renato,Bexley,2023-11-22,2003
399,Rebeca,Alejo,2023-12-13,2001
400,Garland,Wernher,2023-08-31,2012
401,Adelina,Woollaston,2024-02-17,2002
402,Dre,Dmitrievski,2023-07-19,2009
403,Casi,Caught,2023-10-21,1994
404,Wainwright,Dubs,2023-08-29,1989
405,Dyanne,De Bischof,2023-12-09,1995
406,Shannen,Meus,2023-11-25,2005
407,Clarence,Bamsey,2024-01-17,2001
408,Roselle,Odger,2024-01-05,1999
409,Elwyn,Fenelon,2024-02-26,2010
410,Levi,Klimentov,2023-11-23,1998
411,Lanni,Lethley,2024-02-10,1997
412,Nixie,Mead,2024-03-26,2000
413,Joceline,Poznan,2023-05-30,1999
414,Roxy,Durie,2024-01-28,1995
415,Salli,Chaffe,2023-12-16,2013
416,Arte,Strongitharm,2023-07-08,2007
417,Isac,Paynton,2023-11-29,2007
418,Maria,Kielt,2024-03-21,2007
419,Bellanca,Simants,2023-09-13,1997
420,Kelcey,Fasler,2024-04-22,2000
421,Benjy,Kachel,2023-07-27,2003
422,Morena,Leuren,2023-12-31,2001
423,Lonni,Springett,2023-06-29,1998
424,Troy,Rapsey,2024-03-15,1985
425,Kayne,Petrakov,2024-04-27,1995
426,Lyndsay,Hanney,2023-07-16,2010
427,Neila,Elson,2024-04-13,1994
428,Jess,Klimochkin,2023-12-26,2005
429,Wolfgang,McGuckin,2024-01-30,1985
430,Letty,Ciccarelli,2024-01-07,2012
431,Giana,Sansome,2023-07-04,2004
432,Roshelle,Darwood,2023-12-12,2008
433,Winnifred,Seegar,2023-09-09,2006
434,Adi,Dalliwatr,2024-01-10,1999
435,Keith,Allchin,2023-08-19,2003
436,Aubrey,Medlin,2024-03-23,2005
437,Haleigh,Gauche,2024-01-11,2011
438,Shellie,Boosey,2023-12-02,2000
439,Valentijn,Balassi,2023-07-27,1997
440,Jenine,Disdel,2023-11-03,1998
441,Fredelia,Waslin,2024-04-03,1985
442,Cortie,Bolingbroke,2023-12-06,2006
443,Ellissa,Ivett,2023-09-02,2007
444,Constantine,Nibley,2024-02-04,2004
445,Jayme,Kubik,2024-03-04,2004
446,Ailis,Spradbery,2023-11-14,1998
447,Gretchen,De Blasio,2023-09-08,1967
448,Antons,Becraft,2023-06-09,2004
449,Corey,Muckersie,2023-12-19,2007
450,Clemmie,Berzin,2023-08-16,2006
451,Inness,Bassil,2024-03-20,1984
452,Tim,Crauford,2023-08-12,2008
453,Carly,Croson,2023-09-04,1992
454,Evvy,Delort,2023-11-22,1994
455,Eli,Ranns,2024-02-25,1994
456,Jacquelynn,Lundberg,2024-05-26,2011
457,Marrissa,Tarbett,2024-04-07,1984
458,Archambault,Loxley,2023-07-28,1998
459,Logan,Hinckes,2023-12-28,1997
460,Gaynor,Olrenshaw,2023-06-16,2001
461,Daron,Haysman,2024-03-23,2002
462,Nancey,Bezzant,2023-09-19,2007
463,Obidiah,Fonzone,2023-07-02,1989
464,Abba,Smithe,2024-01-29,1994
465,Zena,Merck,2023-07-29,1982
466,Ivie,Postlethwaite,2023-12-24,2011
467,Tabbatha,Feldbrin,2023-08-24,1993
468,Lavena,Dudney,2023-10-04,2005
469,Wynn,McKeurtan,2024-04-12,2008
470,Adrianna,Garret,2023-11-10,2011
471,Alisun,Prattin,2023-07-22,2004
472,Donia,Jovis,2024-03-11,1992
473,Adiana,Ashard,2023-11-06,2009
474,Mitchael,Murdie,2023-07-18,1993
475,Codee,Self,2024-02-18,2001
476,Angelia,Hodjetts,2023-05-29,2006
477,Terencio,Schlagh,2023-07-05,1993
478,Jaine,Lloyds,2023-07-28,2002
479,Cortney,Silwood,2023-11-13,2009
480,Amargo,Norsworthy,2024-04-25,2006
481,Price,O' Reagan,2023-11-26,2007
482,Skipper,de Vaen,2023-10-03,2007
483,Yvon,Davitt,2023-10-05,2002
484,Aron,Heale,2024-03-31,2004
485,Bobette,Spalton,2023-10-07,1992
486,Fanechka,Peltz,2023-09-16,1998
487,Travers,Reach,2023-11-11,2002
488,Ade,Glanister,2024-04-15,2004
489,Ax,Westhead,2023-06-06,2011
490,Shelton,Legges,2024-04-29,1995
491,Shelagh,O'Hartnett,2023-07-26,1993
492,Tabor,Fylan,2023-11-24,2011
493,Jedidiah,Slaymaker,2023-12-26,2009
494,Vale,Rallings,2024-05-22,1995
495,Royce,Mowsdell,2024-03-12,2002
496,Roth,Elsegood,2024-04-25,1988
497,Melva,Bril,2023-06-13,1998
498,Kathrine,Sherratt,2024-04-04,2000
499,Averyl,Sautter,2023-10-18,2001
500,Sarine,Offer,2023-07-13,2009
501,Tatum,Pavy,2024-01-20,2006
502,Michail,Colegrove,2023-06-10,1993
503,Kirby,Dudman,2024-04-15,1985
504,Alessandra,Hoppner,2023-09-09,2006
505,Evin,Bigly,2023-12-28,1998
506,Quent,Dallas,2023-12-20,1967
507,Mikael,Vause,2023-09-08,2001
508,Yetta,Simmig,2024-02-25,2011
509,Harli,Le Monnier,2023-10-31,2009
510,Etienne,Whitecross,2023-12-22,2006
511,Stu,Twentyman,2024-05-12,1997
512,Zsa zsa,Fergyson,2024-03-28,1992
513,Wilie,Grumble,2024-03-24,1986
514,Blayne,Bettaney,2024-04-12,2012
515,Georgia,Rattenbury,2023-08-08,2004
516,Vladimir,Pfiffer,2023-07-31,2001
517,Katlin,Romke,2023-08-07,2008
518,Gavan,Farlham,2023-08-24,2008
519,Harriet,McCreagh,2023-07-30,2011
520,Phyllida,Bottinelli,2023-09-06,2010
521,Kaila,Wakefield,2023-10-30,1964
522,Kerri,Kingsworth,2023-09-11,1996
523,Ingaborg,Darleston,2023-10-01,2000
524,Tilly,Hiom,2023-11-28,1987
525,Cordy,Sheward,2024-02-17,1999
526,Babbette,Sammes,2023-11-21,1999
527,Ernesto,Brussels,2023-12-01,1992
528,Geri,Gove,2023-07-26,1997
529,Lia,Sidary,2023-06-26,1994
530,Sanderson,Stelfox,2024-03-04,2004
531,Payton,Walwood,2024-03-02,2005
532,Jada,Izsak,2023-11-03,2012
533,Anet,Axcell,2023-09-30,2006
534,Cordie,Choudhury,2023-07-12,2009
535,Trix,Thoresby,2023-06-07,1998
536,Thadeus,Morant,2024-01-20,2009
537,Pepita,Sine,2023-08-20,1990
538,Sabina,Riche,2024-01-10,1993
539,Stanleigh,Castangia,2024-03-16,1994
540,Myrvyn,Soldner,2024-03-15,1991
541,Ola,Yearby,2024-05-02,2007
542,Halsy,Doveston,2024-03-06,2010
543,Filide,Verryan,2023-06-05,2012
544,Smith,Norkett,2023-08-27,1995
545,Johanna,Sarfass,2024-04-26,2003
546,Lorenzo,Gibby,2023-11-25,2009
547,Beau,Iacobetto,2023-08-06,2011
548,Cedric,Volet,2024-02-16,1998
549,Asher,Diess,2023-06-28,2009
550,Loria,Coxall,2023-12-04,1995
551,Daffy,Nodes,2024-05-25,2013
552,Alice,Ruggieri,2024-02-11,2006
553,Dorotea,Lanney,2023-11-22,2002
554,Lynea,Chinery,2024-03-02,2006
555,Hugh,Symms,2023-06-13,1999
556,Amargo,Roser,2024-02-16,1990
557,Jacqui,Joddins,2023-07-10,1993
558,Tobye,Owen,2024-02-07,2005
559,Dennison,Ogus,2024-05-11,2007
560,Raddy,Silley,2023-07-30,2005
561,Alon,Trees,2024-02-05,2012
562,Gaultiero,Geraldo,2024-01-24,2004
563,Esmaria,Codi,2023-11-06,2008
564,Roscoe,Lawful,2023-07-24,1994
565,Cobby,MacIlwrick,2023-10-21,1991
566,Kaycee,Lorenzetti,2023-09-16,1995
567,Mercie,Balden,2023-06-07,1986
568,Bari,Greir,2023-12-26,1965
569,Benson,Tapper,2024-02-13,2010
570,Virgie,Baudoux,2024-01-10,1998
571,Natal,Cadwallader,2023-11-30,2013
572,Harv,Feeham,2023-12-30,1997
573,Mordy,Conman,2023-12-15,2009
574,Whit,Spritt,2023-10-11,1999
575,Stanford,Danter,2023-11-06,2001
576,Bartie,Tortoishell,2024-01-04,2006
577,Robers,Soeiro,2023-09-08,2004
578,Randal,Gariff,2024-03-16,2009
579,Crysta,Laviss,2023-08-08,2005
580,Howard,Figgins,2023-09-10,2009
581,Selina,Dauby,2023-10-07,2003
582,Julie,Kidds,2023-10-06,1986
583,Shae,Bodimeade,2023-12-12,2008
584,Lyndsie,Robb,2024-03-18,2000
585,Garvy,Cheson,2024-05-11,1996
586,Sibylle,Spanton,2024-02-10,1988
587,Josiah,Orniz,2024-01-10,1997
588,Roselin,Durran,2023-08-26,1994
589,Ki,Ridel,2024-02-15,1994
590,Margareta,Loffel,2023-07-17,1994
591,Finn,Britton,2023-11-28,1997
592,Hurleigh,Straniero,2024-05-19,1993
593,Esther,Wordsworth,2024-01-28,2013
594,Janenna,Brookfield,2023-09-30,1989
595,Mart,Casse,2024-04-26,2003
596,Vanny,Tombleson,2023-06-20,2001
597,Shelley,Marder,2024-05-22,1993
598,Ange,Lamplough,2023-08-12,2005
599,Ethel,Alabaster,2023-06-24,2000
600,Netti,McGovern,2023-08-07,1993
601,Cleveland,Aronson,2023-08-05,1983
602,Arie,Loan,2024-03-28,2003
603,Lyda,Esslement,2024-05-26,2007
604,Daphne,Pavlishchev,2024-04-12,2009
605,Lolly,Seagood,2024-05-02,1997
606,Dukie,Bryceson,2023-11-14,1995
607,Lizzy,Roscrigg,2024-04-14,1999
608,Christiana,Lithcow,2023-10-07,2012
609,Westbrook,Hulk,2023-07-18,1993
610,Janis,Tethacot,2023-05-31,2010
611,Catina,Tynemouth,2024-04-07,1999
612,Constancia,Culver,2024-03-10,1995
613,Adiana,Pedder,2024-01-25,1994
614,Prue,Cready,2023-11-15,1984
615,Tiphanie,Florentine,2023-11-05,1998
616,Reagen,Fowells,2023-08-04,1999
617,Jammal,Macbeth,2024-02-19,1988
618,Lavena,Petrowsky,2024-05-04,1993
619,Myrta,Castelletti,2023-08-06,1992
620,Grethel,Naulls,2023-10-25,2012
621,Brianne,Spofford,2023-11-18,2011
622,Madella,Creese,2023-10-21,2012
623,Karie,Snazel,2023-07-28,1994
624,Elisa,Try,2023-09-10,1989
625,Garwood,Devanny,2023-08-06,2005
626,Tamiko,Emmens,2023-10-11,2003
627,Killie,Mockett,2023-12-30,2003
628,Krishnah,Dowry,2023-09-09,1993
629,Pierrette,Szymon,2024-02-05,2009
630,Winnie,Dyshart,2023-07-08,1998
631,Cicily,O'Brollachain,2023-07-18,1991
632,Merlina,Luetkemeyers,2023-09-29,2011
633,Giffard,Yeiles,2023-08-04,1992
634,Adair,Younie,2023-12-04,1995
635,Aline,Scarr,2024-03-15,1995
636,Orville,Thorrington,2023-07-27,2008
637,Averill,Collum,2024-03-09,2010
638,Bartholemy,Netherclift,2024-01-03,1992
639,Sallyann,Raffan,2024-04-17,1998
640,Court,O'Scannill,2023-08-02,1997
641,Clotilda,Galbreth,2024-02-27,1997
642,Perla,Sandford,2024-05-03,1997
643,Edyth,Valasek,2024-03-21,1998
644,Crystal,Sasser,2023-09-23,2005
645,Basilius,Jobbing,2024-02-28,1995
646,Liesa,Garmston,2024-04-24,1989
647,Billi,Esslemont,2024-01-15,1991
648,Ulrick,Goadbie,2024-04-29,2004
649,Jedediah,Inkpen,2023-08-11,2010
650,Ronni,Hriinchenko,2023-08-28,1992
651,Romonda,McGavin,2023-06-06,2006
652,Forest,Manhare,2024-04-28,2004
653,Alasteir,Allberry,2023-06-10,1999
654,Pietrek,McKerton,2024-02-10,1999
655,Hillel,Onthank,2024-05-24,2006
656,Junia,Schwanden,2024-01-28,2007
657,Ellwood,Noraway,2023-10-04,2012
658,Bernard,Ship,2024-01-05,2006
659,Con,Lerwell,2024-01-23,2006
660,Claude,Brooksbie,2023-09-01,1995
661,Arlina,Durdle,2024-05-24,2005
662,Shandee,Littell,2023-11-16,1989
663,Edythe,Skep,2023-10-08,2008
664,Adriana,Shapera,2024-05-12,1997
665,Averill,Piscopiello,2023-08-04,1998
666,Caritta,Ofen,2024-02-28,2002
667,Elfrida,Teague,2023-08-11,1955
668,Adelina,McQuillen,2024-04-28,2006
669,Carmine,Alvarez,2024-05-15,2003
670,Starlin,Berthomier,2024-03-05,2006
671,Danell,Howship,2024-03-04,1994
672,Darby,McAlpine,2023-11-10,1976
673,Wendy,Sogg,2024-03-02,2010
674,Kathryn,Adamovitz,2023-10-24,1995
675,Sharron,Vodden,2023-07-09,2006
676,Lindsay,Fanning,2024-05-11,2004
677,Jaquenetta,De Bernardis,2024-05-16,2012
678,Nadia,Harral,2024-02-11,2005
679,Caitrin,Jenkison,2023-06-28,1995
680,Lesya,Vasyukov,2023-09-04,2006
681,Lebbie,Galilee,2024-03-11,1991
682,Gwynne,Spaduzza,2023-07-04,2000
683,Timmie,Brandle,2023-08-19,2011
684,Maegan,Quidenham,2024-04-25,1993
685,Ash,Pachmann,2024-02-12,2008
686,Reinald,Gerrietz,2023-12-11,2012
687,Shea,Fogt,2024-03-20,2006
688,Scarface,Perroni,2023-09-12,2000
689,Boyce,Duggon,2023-08-27,1987
690,Shari,Giabucci,2023-09-03,2010
691,Schuyler,Fraczek,2024-02-09,2003
692,Gaylor,Taylot,2024-05-02,2002
693,Carrie,Le Marquis,2023-10-12,2009
694,Alethea,Plowman,2023-11-21,2003
695,Padget,Housen,2023-09-18,2000
696,Kesley,Remington,2023-11-04,2010
697,Normy,Charrett,2023-09-11,2000
698,Lowell,Rosier,2023-12-26,1999
699,Bertrando,Lougheed,2024-02-10,2005
700,Kirk,Potes,2024-04-08,1993
701,Annabelle,Lathleiff,2023-11-12,1988
702,Katey,Eloi,2024-05-17,1999
703,Karlee,Colman,2024-03-29,1995
704,Livvyy,Given,2023-12-22,1999
705,Antonietta,Dunn,2024-02-20,1997
706,Delia,Toppin,2023-10-22,2012
707,Reine,Loblie,2024-03-21,2008
708,Alie,Wildgoose,2023-10-05,2000
709,Wilie,Poland,2024-04-20,2004
710,Alena,McFadden,2024-01-06,1995
711,Tabb,Pain,2023-09-08,2012
712,Clarence,Lambourn,2024-04-09,2004
713,Robby,Bagnold,2023-11-17,2003
714,Moritz,Sumpton,2023-06-11,2010
715,Seana,Fryer,2023-11-01,2006
716,Jocko,Wakley,2023-12-05,2005
717,Latrina,Wanell,2023-11-02,1984
718,Clayborne,Czaja,2023-07-29,2009
719,Carmelle,Huske,2023-09-01,2004
720,Charyl,Vail,2024-04-11,2000
721,Jefferey,Kimbley,2024-05-24,1994
722,Lizabeth,Shenfish,2024-02-15,2010
723,Eddy,Choppin,2024-04-20,1976
724,Paulette,Guierre,2023-06-26,2009
725,Estrella,Ronchetti,2024-01-15,1996
726,Arv,Morena,2023-08-01,2007
727,Barnebas,Marnane,2024-05-14,2007
728,Alain,Wakenshaw,2023-12-02,2010
729,Hadria,Schulter,2023-10-10,2011
730,Illa,Ezzy,2023-11-24,2007
731,Toby,McHugh,2023-08-19,2000
732,Aimil,Orans,2023-07-11,2003
733,Caril,Vost,2023-07-18,2003
734,Kurtis,MacIlraith,2023-11-15,2009
735,Lexine,Werrilow,2023-08-22,2007
736,Lorrie,Gregersen,2023-08-12,1992
737,Klarrisa,Zamorrano,2023-06-19,2007
738,Kevyn,Stillert,2023-11-05,2000
739,Muhammad,Isham,2023-06-12,1987
740,Spence,Toulamain,2023-12-14,2009
741,Hildagarde,Bramhill,2023-10-02,2006
742,Garnet,Sackur,2023-08-23,2005
743,Alikee,Fluger,2023-12-24,2008
744,Thatch,Doggrell,2024-01-07,2003
745,Tyler,Dancy,2023-10-24,1990
746,Barty,Welbrock,2023-06-07,1997
747,Felic,Millington,2023-07-11,2007
748,Redd,Ubsdall,2024-02-04,1967
749,Issie,Beaushaw,2023-12-22,2012
750,Farr,Huddles,2024-03-30,1997
751,Brandise,Evison,2023-09-29,1996
752,Bria,Lawtie,2023-10-06,2004
753,Bibi,Wallbank,2023-09-24,2013
754,Nickolai,Comolli,2023-10-09,1998
755,Magdalene,Bignell,2023-08-29,2011
756,Husein,Limbert,2024-03-18,1993
757,Moe,Honnan,2023-10-30,1999
758,Briny,Witchard,2024-01-16,1994
759,Petronille,Andor,2024-01-17,1995
760,Belicia,Snedker,2024-03-01,2011
761,Daisi,Twining,2023-09-02,2010
762,Felecia,Thonger,2023-07-26,2009
763,Gretel,Ca,2023-07-05,1993
764,Latisha,Clowes,2023-12-24,1996
765,Maritsa,Lounds,2024-05-23,2007
766,Caritta,Tracy,2023-11-14,2008
767,Quintina,Hopkins,2023-11-02,2012
768,Lorenzo,Molnar,2024-05-19,2011
769,Zonda,Orrell,2024-04-19,2007
770,Hyman,Issacoff,2023-06-03,1993
771,Terri-jo,Binder,2023-10-06,2011
772,Roselin,Zuan,2024-04-23,1983
773,Hew,Medcalf,2023-06-15,1996
774,Romona,Gow,2023-05-27,2006
775,Bridgette,Bogges,2023-08-06,1996
776,Randal,Cawte,2023-10-01,1998
777,Quintana,Bunson,2024-01-09,1986
778,Hestia,Clarridge,2023-07-22,1986
779,Roberto,Le Marchant,2024-04-21,2012
780,Joscelin,Slayford,2023-07-22,2009
781,Randene,Embery,2024-02-03,2012
782,Glen,Swetmore,2023-12-24,2002
783,Stanford,Gerbl,2024-03-14,1995
784,Prue,LeEstut,2024-01-02,1994
785,Kinnie,Daskiewicz,2023-12-21,2011
786,Maxwell,Ruzicka,2023-09-16,2009
787,Ike,Segges,2023-10-21,2012
788,Bellanca,Sofe,2024-05-07,2005
789,Marius,Gouda,2023-06-07,2000
790,Courtnay,Faughny,2023-11-05,2002
791,Roxane,Stringfellow,2023-12-26,1994
792,Derk,Ilyinykh,2023-05-27,2006
793,Addie,Gianolini,2023-06-16,2007
794,Ardene,Vallow,2023-08-11,1993
795,Chandra,Towersey,2023-07-02,2004
796,Jorgan,Osgorby,2023-08-31,2006
797,Florette,McClure,2024-03-31,1993
798,Gabbie,Cud,2023-07-31,1996
799,Lance,Effemy,2024-03-27,2000
800,Yasmeen,Lillicrap,2024-01-30,2004
801,Heinrick,Bather,2023-07-25,2007
802,Gusta,Pardy,2024-02-01,2004
803,Natty,Giraldon,2024-05-12,1995
804,Milka,Keijser,2023-08-28,2002
805,Harman,Bevis,2023-11-29,2012
806,Odell,Sodeau,2023-10-14,2012
807,Alanna,Edmonstone,2024-01-24,2011
808,Any,Wing,2023-11-01,2010
809,Ezmeralda,Marde,2023-08-29,1999
810,Saundra,Liddel,2024-04-02,1998
811,Terencio,Adrianello,2024-02-27,2003
812,Deanne,Morrison,2024-01-13,1999
813,Martica,Shorey,2023-07-10,1995
814,Marty,Gebbie,2023-05-27,2005
815,Letti,Cuniffe,2024-01-07,2000
816,Veronike,Inglesant,2024-05-18,2012
817,Sheri,Dykes,2024-05-18,1988
818,Saxon,Wykey,2023-08-09,1984
819,Theodore,Perkins,2023-09-14,1996
820,Linnea,MacConneely,2023-07-13,2001
821,Joella,D'eathe,2024-03-05,2010
822,Amie,Nellen,2024-03-11,2011
823,Ericka,Dmtrovic,2024-02-09,1994
824,Flossi,Yter,2023-06-03,2008
825,Ivette,Huggons,2023-12-17,1992
826,Glenda,Baignard,2023-11-27,1991
827,Mordy,Angrock,2023-11-11,2011
828,Robinette,Boness,2023-07-28,1996
829,Salem,Angel,2024-03-17,1988
830,Benn,Dottridge,2023-09-07,1992
831,Mignon,Bramhall,2023-12-15,1994
832,Dill,Brimman,2023-07-26,2012
833,Diann,Mainland,2024-02-17,2009
834,Garret,Zanetello,2024-04-24,2004
835,Atlanta,Ronan,2024-04-17,1995
836,Isabeau,Trythall,2023-08-22,2002
837,Francis,Martellini,2023-07-11,2009
838,Dina,Beardall,2023-11-26,1996
839,Cammi,Golds,2023-08-22,1994
840,Delcina,Hendrickson,2023-12-25,2002
841,Meggie,Moppett,2023-10-07,1993
842,Hermie,Sabattier,2024-03-16,2006
843,Ulrick,Howerd,2023-12-11,2012
844,Artemis,Ingley,2024-04-12,2006
845,Sully,Betser,2023-09-29,2007
846,Daron,Gurnay,2023-08-21,2005
847,Nadeen,Beton,2023-08-17,2012
848,Ker,Stainton,2024-04-07,1989
849,Bendicty,Gristwood,2023-11-03,2007
850,Craig,Masselin,2023-09-13,2002
851,Pattie,Duguid,2024-04-23,1997
852,Godwin,Swire,2024-02-06,2001
853,Sheridan,Cranfield,2023-07-06,2008
854,Elwira,Bonnor,2023-12-06,2006
855,Wrennie,Hazeldene,2024-02-01,1990
856,Inglebert,Farden,2024-05-06,2010
857,Filippo,Killen,2023-08-16,2007
858,Ermin,Nansom,2023-11-20,1996
859,Honoria,Larcher,2024-04-02,2012
860,Lita,Cadden,2023-12-22,2000
861,Dorree,Fogarty,2023-10-05,2006
862,Letta,Carmont,2023-06-28,2001
863,Indira,Daice,2023-08-23,1964
864,Lanita,Christofor,2023-07-29,1996
865,Ransell,Skelhorn,2024-04-09,1988
866,Melanie,Kienl,2024-03-08,1997
867,Daisi,Tsar,2024-04-30,2012
868,Jemie,Spiaggia,2024-02-07,1985
869,Adelle,Snaith,2023-06-10,2002
870,Miguela,Whitfeld,2023-06-06,1998
871,Lindi,Lawton,2024-02-08,2004
872,Betta,Attkins,2024-04-20,1984
873,Randene,Thebeau,2024-04-06,2003
874,Gasper,Coultish,2024-05-19,1998
875,Gabriell,Eglin,2023-09-21,2010
876,Gordan,Rao,2024-05-19,2001
877,Kennith,Bithell,2023-10-28,1988
878,Trey,Ferreo,2023-08-13,2001
879,Arlan,Runnalls,2023-06-03,1996
880,Hallsy,Clac,2023-11-15,2009
881,Beau,Tellenbrook,2024-05-14,2010
882,Prentiss,Cordelette,2024-05-16,1998
883,Pepita,Cinavas,2024-01-20,2004
884,Hortense,Allright,2023-11-07,1988
885,Millisent,Biermatowicz,2023-07-22,1994
886,Lacey,Hadcroft,2024-01-13,2007
887,Petey,Antat,2023-11-10,2001
888,Ruprecht,Rainsden,2023-09-11,2001
889,Gabrielle,Hodge,2023-12-30,1999
890,Melessa,Hurrell,2023-08-04,1984
891,Bryon,Bruntjen,2024-01-20,2006
892,Marven,Paler,2024-01-17,1999
893,Natale,Winchcomb,2023-08-20,1997
894,Dorena,Neno,2023-06-03,1997
895,Gaylene,Collicott,2023-12-10,1987
896,Dayna,Phayre,2023-08-07,2003
897,Dulcie,Scotchmoor,2023-08-01,2002
898,Carolina,Ingre,2023-08-12,1993
899,Van,Rominov,2024-04-04,1995
900,Helge,Beevens,2023-09-02,1999
901,Ayn,Leidl,2023-09-14,2007
902,Matty,Jain,2023-12-23,1999
903,Page,Heyward,2023-05-27,2003
904,Chryste,Storer,2024-04-25,1985
905,Vanny,Bullene,2024-03-25,1989
906,Olva,Caine,2024-03-29,2009
907,Alphonso,Flowers,2024-02-09,1998
908,Thomasa,Lezemore,2024-01-26,2007
909,Bertha,Carreck,2023-08-19,1991
910,Vittoria,Wharlton,2024-03-28,1992
911,Jaquelyn,Palffrey,2024-04-24,2001
912,Bernie,Struijs,2024-04-28,2000
913,Bess,Jay,2023-08-15,2004
914,Emmey,Wesker,2023-12-31,1984
915,Otha,Blight,2024-01-15,2008
916,Glennis,Andreutti,2023-11-13,2008
917,Delmer,Trays,2024-01-13,1968
918,Tyler,Matzen,2023-07-18,2008
919,Janet,Katz,2024-02-26,1990
920,Gabbie,Mackro,2023-09-03,2010
921,Kylie,Havoc,2023-06-11,2010
922,Kacey,Leatham,2024-03-13,2007
923,Darcie,Sheehan,2024-01-23,1990
924,Thaine,Surguine,2023-07-21,2004
925,Griswold,Burdon,2023-11-09,2007
926,Judith,Drewett,2024-05-20,2002
927,Braden,Dimitru,2024-04-28,1997
928,Barrett,Philippart,2023-09-27,1991
929,Willyt,Berre,2024-01-26,1990
930,Fonzie,Offill,2023-08-14,2004
931,Dave,Giffkins,2024-01-24,1992
932,Jessie,Meikle,2024-02-20,2008
933,Cassi,Flowith,2024-04-21,1982
934,Selig,Wignall,2023-09-06,2012
935,Rosetta,Becks,2023-08-25,2011
936,Marrilee,Nussen,2024-03-26,1967
937,Gaylord,Earengey,2024-01-27,2004
938,Blanche,Cristofol,2024-01-28,1998
939,Rica,Dundendale,2023-10-05,2001
940,Kip,Eddowis,2024-05-25,2006
941,Richy,Alwin,2024-02-19,1996
942,Abigael,Juliano,2024-05-25,2007
943,Derward,Duchart,2023-12-02,1996
944,Neely,Blazey,2023-08-26,1993
945,Raychel,Meldon,2024-03-12,2007
946,Khalil,Bricksey,2024-04-07,2009
947,Winny,Cardoso,2024-02-03,1991
948,Gregoire,Mannion,2023-10-31,2001
949,Sherline,Nicholes,2023-11-14,2002
950,Corene,Graffin,2024-05-09,1997
951,Drona,Masters,2024-01-06,1987
952,Desmund,Geratasch,2024-01-18,1992
953,Jenni,Wrassell,2024-05-01,2000
954,Broderic,Josse,2023-10-01,1989
955,Tracee,Horsfield,2023-08-03,1992
956,Boigie,Dunbar,2023-10-23,1997
957,Lydon,Gatlin,2023-12-14,2005
958,Thelma,Herries,2023-11-26,1984
959,Leeland,Laviss,2024-05-07,1996
960,Cornie,Steffan,2024-05-05,1999
961,Byrann,Knewstubb,2023-05-29,2008
962,Alain,Benit,2024-03-30,1988
963,Dela,Stoggles,2024-01-28,1998
964,Ashton,Gummer,2023-08-05,2003
965,Tanya,Rodear,2023-06-16,2010
966,Florinda,Waby,2024-05-25,2008
967,Zorah,Crowther,2023-10-02,1996
968,Norbie,Klais,2023-08-30,1996
969,Franklyn,D'Onise,2024-03-05,1994
970,Cherice,Carrane,2024-04-27,1999
971,Nadia,Sibbert,2024-02-07,2000
972,Goldia,Nott,2023-09-29,2004
973,Twila,Isenor,2023-08-10,2008
974,Rodie,Vasyatkin,2024-01-29,1995
975,Roanna,Hannis,2023-06-08,2011
976,Clemence,Samme,2023-07-28,2012
977,Leone,Anselmi,2023-11-15,1995
978,Dionne,Patkin,2023-09-02,1988
979,Aurel,Esland,2023-06-27,2002
980,Oralee,Valek,2024-03-22,1992
981,Roley,Grahl,2024-04-05,2007
982,Stephanie,Franses,2023-06-24,2010
983,Wylma,Ashworth,2024-03-01,2012
984,Tabby,Lippett,2024-05-16,2011
985,Annabella,Heineking,2023-06-24,2009
986,Taddeo,Grzes,2023-06-20,2005
987,Maddalena,Lammers,2023-09-15,2003
988,Fairleigh,De Andisie,2023-06-17,2008
989,Raye,Bassingden,2023-09-04,2009
990,Steven,Jaye,2023-11-30,1999
991,Ricki,Swayton,2023-08-13,2004
992,Kinsley,Jeves,2023-05-31,2009
993,Jorie,Bonafacino,2023-07-12,1985
994,Hetty,Jeans,2024-03-05,1990
995,Dallas,Conduit,2024-04-16,1992
996,Darcy,Claussen,2023-09-21,1998
997,Saundra,Johnstone,2023-11-06,1992
998,Kenon,MacCourt,2023-10-01,2001
999,Elna,Bransom,2024-04-25,2001
1000,Maribel,Baron,2024-01-31,2008
