id,fname,lname,start_learning
1,Christian,Masseo,1994
2,Read,Snepp,1979
3,Eddy,Terzi,2000
4,Myrtice,Grenkov,2002
5,Hurley,Squires,2009
6,Riannon,Steffens,1999
7,Giustino,Trinkwon,1994
8,Callie,Down,2005
9,Arlin,Crandon,1993
10,Colette,O'Dooghaine,2003
11,Malissa,MacCleod,2009
12,Maitilde,German,2008
13,Parker,Bramble,2000
14,Cammy,Heigho,2008
15,Frederich,Braganza,2001
16,Denna,Anker,2013
17,Alano,Barthropp,2003
18,Humbert,Winslett,2006
19,Giuseppe,Kenworthey,2013
20,Margarita,Norfolk,2006
21,Korrie,Hanaford,2000
22,Lamont,Shermar,1984
23,Trueman,Twigger,2007
24,Jackqueline,Undy,1993
25,Marty,Sirkett,1997
26,Chicky,Ingerith,1992
27,Adel,Frensch,1986
28,Clemente,Kowal,1987
29,Harmon,Hazlewood,2006
30,Jayson,Le Brum,1983
31,Kristal,Fowden,1999
32,Mayne,Elliff,2001
33,Brigitte,Sleaford,2012
34,Isabelita,Kitchingham,2011
35,Burk,Rayment,1996
36,Iain,Littefair,2011
37,Devonne,Peres,2009
38,Delores,Pohlke,1996
39,Dorree,Dickerline,1994
40,Kendall,Fierman,1987
41,Sherwin,Alejandre,2007
42,Janith,MacTeague,1993
43,Augusta,Butterfint,2011
44,Felic,Bassingham,1998
45,Clement,O'Spellissey,2006
46,Revkah,Dewbury,1993
47,Retha,Belfitt,2003
48,Wat,Stiff,1991
49,Wilma,Nice,1981
50,Verna,Tripean,1998
51,Arlen,Cary,2006
52,Lamond,Beebis,1997
53,Raquel,Heckner,1993
54,Maggi,Welsby,1996
55,Robinetta,York,2006
56,Phylys,Carling,1992
57,Robbyn,Tadgell,1999
58,Nadean,Valintine,1984
59,Roana,Ketchen,2002
60,Garner,Lorrimer,2004
61,Sansone,Feak,2008
62,Chiquia,Thoma,2007
63,Tisha,Worden,2005
64,Pet,Moline,2008
65,Deborah,Basili,2002
66,Farrand,Hancell,2004
67,Blanche,Goldsack,2007
68,Lilla,Merrilees,2003
69,Barty,Bunce,2009
70,Magnum,Westphal,2000
71,Harvey,Tippin,1999
72,Erny,Hankin,2009
73,Christophe,O'Duilleain,1994
74,Sammy,Toothill,2011
75,Felike,Sapauton,1998
76,Henrieta,Purves,2009
77,Bank,Baptie,2004
78,Eudora,Eller,2005
79,Gamaliel,Davidou,2006
80,Des,Mangham,1998
81,Alistair,Emberson,2010
82,Nomi,Congrave,2010
83,Reilly,Emmer,2009
84,Diena,Schimmang,2003
85,Natalie,Golland,1988
86,Annabel,Bickerdicke,1985
87,Lorelle,Crehan,1985
88,Roxine,Beasleigh,2000
89,Ginevra,Degoy,1996
90,Farrell,Buckenhill,2008
91,Isaiah,Lewty,2005
92,Jeff,Lumm,2004
93,Jeanna,California,2003
94,Josh,Bethune,2007
95,Benjamen,Abarough,1998
96,Alex,Baxter,2010
97,Rayna,Pollicote,2013
98,Barthel,Abramino,2001
99,Alex,Jermyn,1992
100,Vivyan,Tolussi,2012
101,Karee,Haslen,1995
102,Noah,Barns,2004
103,Rickert,Henric,2005
104,Alessandra,Dobbison,2001
105,Geri,Speare,2012
106,Donelle,Cancelier,1954
107,Jess,Struis,1995
108,Andriette,Gouly,1994
109,Thayne,Robyns,2009
110,Jody,Loudyan,2000
111,Oswald,Relph,2003
112,Gipsy,Westnage,2010
113,Farris,O'Sheeryne,1998
114,Harlan,Bedinn,1986
115,Bethena,Forsythe,2000
116,Constanta,Jordine,1999
117,Amil,Binham,1991
118,Guenna,Mityushkin,2002
119,Marvin,Blase,2000
120,Derry,Klimkov,1990
121,Myranda,Harner,2011
122,Caty,Calloway,1987
123,Andriana,Diss,2006
124,Annecorinne,Navein,2003
125,Ronnie,Nezey,1998
126,Teri,Krahl,1996
127,Jeannie,Macbeth,2004
128,Carol,Rosenthaler,1997
129,Emylee,Frankham,2001
130,Cordey,Feronet,2004
131,Freddy,Farn,2005
132,Winonah,Potteridge,2004
133,Stearn,Job,1992
134,Corny,Starten,1995
135,Livia,Folomkin,2007
136,Mary,Yakunin,2007
137,Jillane,Goodsal,1997
138,Cosette,Jay,2006
139,Daisy,Cockell,1999
140,Sawyere,Hablot,2005
141,Dede,Lippiett,2012
142,Alida,Corah,1996
143,Cahra,Harken,1994
144,Cissiee,Podd,2005
145,Ortensia,Mityukov,2008
146,Peder,Ousbie,1986
147,Pauly,Oldknowe,1987
148,Diego,Keston,1993
149,Abby,Cumpsty,2003
150,Roderick,Lackinton,2011
151,Minna,Shrive,2005
152,Winfield,Potzold,1992
153,Gregg,Burchess,2010
154,Amii,Steventon,1965
155,Jacklyn,Harrill,2008
156,Coletta,MacGlory,1986
157,Hillier,Snazel,1993
158,Mendie,Hudspith,2002
159,Gaye,Rief,2002
160,Zonnya,Blare,2007
161,Tamma,Edeler,1998
162,Galen,Annesley,2004
163,Mortie,Jacke,2008
164,Dame,Kleis,1995
165,Lorna,Melly,2001
166,Felice,MacGregor,2004
167,Griffin,Gullivent,2004
168,Hadria,Minocchi,1996
169,Christopher,Vynall,1997
170,Brigitte,De Bernardis,2004
171,Thea,Sitlinton,1995
172,Welsh,Nudd,2004
173,Jessi,Comelini,2006
174,Dedie,Laingmaid,2001
175,Charlotta,Bartlomiejczyk,2007
176,Cyrus,Wadley,2006
177,Damiano,Koschke,1995
178,Billi,Olekhov,2004
179,Damiano,Rittmeyer,1998
180,Jethro,Nappin,1990
181,Ester,Bissett,2008
182,Joann,Jansie,2007
183,Isidore,Burr,1992
184,Valentine,Kitter,2004
185,Reeva,Frazer,2002
186,Gabe,Ruddlesden,1999
187,Conny,Wrennall,1999
188,Caddric,Yakov,2005
189,Katie,Hurdis,1985
190,Dyann,Allix,1992
191,Cherri,Valente,2005
192,Prudy,Olifaunt,1990
193,Meredeth,Kondrat,2011
194,Cecile,Cressy,1992
195,Nedi,Orrell,2008
196,Karlotta,Coogan,2009
197,Hadrian,Rentilll,1966
198,Betsey,Brogioni,2009
199,Odille,O' Driscoll,1992
200,Madella,Causby,2002
201,Netta,Tookey,1994
202,Heida,Naerup,2008
203,James,Patifield,1995
204,Abigail,d'Escoffier,2001
205,Corri,Feather,2003
206,Johannes,Brussels,1986
207,Anet,Bickerdike,2009
208,Warner,Lydford,2003
209,Karoly,Haylock,1996
210,Fredi,Yewdall,1986
211,Idaline,Bramah,1993
212,Corliss,Darrington,2002
213,Melesa,Sappy,1994
214,Laraine,Limmer,1999
215,Katalin,Bachnic,1992
216,Sisile,Maddin,1999
217,Starr,Guirardin,1994
218,Sauveur,Kollach,1998
219,Madalyn,Bawden,1994
220,Kym,Boatwright,1999
221,Abie,Mattea,2012
222,Kriste,Pettegre,1993
223,Stanton,Bessell,1989
224,Giacomo,McKeever,2000
225,Piotr,Boomes,2013
226,Fayth,Winton,1993
227,Shayna,Sabbatier,2008
228,Gray,Essberger,2012
229,Barbra,Cumberbatch,2006
230,Carline,Eisold,1987
231,Hamish,Tarney,2000
232,Herrick,Dowdall,1989
233,Louisa,Alkin,2007
234,Eula,Pidgen,1998
235,Alwyn,McVie,2012
236,Hanna,Whitefoot,1991
237,Rachele,Ferroli,1993
238,Bernete,Cay,2008
239,Filide,Brittain,2006
240,Abeu,Stroobant,2003
241,Vincents,Bastin,2002
242,Elana,Lukasik,2007
243,Gerta,Dreye,1984
244,Claudina,Struys,1998
245,Jim,Beevor,1998
246,Kellen,Kull,2004
247,Jack,Yurenev,1994
248,Laurice,Firmin,1994
249,Aldwin,Crellim,1999
250,Annie,Agate,2000
251,Rahel,Towne,1985
252,Reginauld,Gudyer,1995
253,Elvera,Ovenden,2007
254,Lenard,Brownsill,2007
255,Knox,Konke,2010
256,Kerr,Gofford,2005
257,Hashim,Rubroe,1999
258,Lek,Glencrash,2003
259,Ddene,Lethby,2010
260,Oona,Gremain,2010
261,Jerrine,Kenwin,1996
262,Emera,Whistan,2000
263,Vitia,Lax,2000
264,Ajay,Turfes,1995
265,Kevan,Pattingson,2000
266,Baily,Revey,1986
267,Walton,Driussi,2008
268,Lemmie,Woodger,2011
269,Enid,Peye,1998
270,Kale,Kinkaid,2000
271,Brande,Jecks,2001
272,Eugenio,Brickwood,2004
273,Maxi,Side,2008
274,Haskell,Kidd,2003
275,Odetta,Culleford,1990
276,Elfreda,Clementet,2007
277,George,Borzone,1989
278,Ronny,McGeraghty,2013
279,Olwen,Goldhill,1996
280,Jaime,Mairs,2007
281,Hyacinthie,Bellee,2008
282,Maryl,Narup,2006
283,Jerrylee,McCard,1967
284,Lynette,Theodore,1992
285,Finley,Rein,2003
286,Emlen,Ledwich,2007
287,Meridith,Georgescu,1992
288,Floyd,Murrthum,1987
289,Lorita,Hradsky,2009
290,Ana,Bullas,2007
291,Cello,Wynch,1996
292,Raquel,Gwatkins,1998
293,Amos,Pigot,1988
294,Temple,Noto,2008
295,Lissie,Dotson,2005
296,Stormie,Posen,2002
297,Delmar,Bockmaster,1999
298,Eziechiele,Grisbrook,1986
299,Antonietta,Worwood,2010
300,Ronnie,Moulder,2005
301,Sammy,Penk,2003
302,Tammie,Bidewell,2007
303,Taber,Bolmann,2000
304,Claribel,Tappor,2010
305,Nixie,Stent,2009
306,Theressa,Cauldfield,2011
307,Bryna,Digle,2012
308,Zora,Steely,1997
309,Cicily,McCartney,2007
310,Thibaut,Birtonshaw,1995
311,Clarence,Camelia,1999
312,Rosalinde,Flewan,1986
313,Tracey,Crampsy,1999
314,Austine,Count,2001
315,Haskell,Arnout,1990
316,Phelia,Gutcher,2005
317,Blaine,Mcall,2004
318,Florina,Applewhaite,2010
319,Sonni,Burmaster,2002
320,Miller,Sutworth,2006
321,Wally,Glander,2005
322,Creight,Casassa,1994
323,Bronson,Shine,2001
324,Kennett,Jearum,2011
325,Ethelind,Coggeshall,2009
326,Pen,Popescu,1968
327,Shandee,Benoit,2011
328,Irita,Dy,1999
329,Colas,Ditchburn,2010
330,Creighton,Latek,1995
331,Care,Straker,2004
332,Terra,Levee,2012
333,Broderic,Blackie,1992
334,Iormina,Dangerfield,2008
335,Dun,Pattesall,1985
336,Pascale,McClune,1989
337,Kelsi,Smitherham,2009
338,Dav,Daffey,1974
339,Virginie,Rihanek,1994
340,Nanete,Morpeth,2001
341,Marcy,Loney,2010
342,Thea,Carnachen,2009
343,Michael,Gostick,2004
344,Mark,Lanchbery,1990
345,Agata,Trank,2008
346,Elisabeth,Brownsett,1987
347,Gwenore,Wilkisson,2000
348,Seymour,Rielly,1992
349,Dennie,Rowbrey,1993
350,Chloette,Cumbes,1990
351,Stormie,Funnell,1995
352,Titus,Dimitrijevic,1991
353,Bobbi,Gamlen,2000
354,Early,Bortolomei,2001
355,Adda,Graffham,2007
356,Godiva,Antoinet,2008
357,Bobina,Slipper,2003
358,Lind,Adrianello,2000
359,Roxy,Roels,2004
360,Marcille,Wardhough,1997
361,Lavinie,Lots,2003
362,Anson,Johnke,1989
363,Edwina,Prazor,1995
364,Berry,Krienke,1991
365,Kirsteni,Dallicott,2007
366,Hillard,Swatheridge,2000
367,Layla,Coumbe,1986
368,Krissy,Lohrensen,1992
369,Ethelred,Southall,2005
370,Osbourn,Challin,2010
371,Ivy,Towey,1992
372,Helsa,Schirok,2002
373,Genni,Vynall,1990
374,Ruby,Stickford,2002
375,Xylina,Lemm,2003
376,Donna,Cars,1993
377,Winnifred,Stockhill,2010
378,Kelli,Weal,1990
379,Aleen,Leibold,1988
380,Frederico,Matyushenko,2013
381,Edi,Packe,2008
382,Guinevere,Juares,2003
383,Sada,Mattinson,1996
384,Nicola,Berrow,1990
385,Caitlin,Irnys,2003
386,Sal,Koenen,1999
387,Jackquelin,Vignaux,1989
388,Sheila,Orrobin,1996
389,Roscoe,Selwood,2009
390,Richmond,Husband,2003
391,Bary,Wathen,2009
392,Tarra,Valett,1999
393,Lanae,Gogan,2010
394,Rodrigo,Tearny,2012
395,Mercy,Sirett,1997
396,Hope,Jackways,2007
397,Kristan,Speedy,1998
398,Ulrikaumeko,Lumb,2011
399,Abner,Overall,1999
400,Andeee,Quartermaine,2009
401,Aharon,Shatford,1986
402,Maje,Reckus,2008
403,Ariana,Cremins,2008
404,Anatola,Raspel,2002
405,Bartolemo,Askin,1962
406,Lorene,Golling,2005
407,Magda,Spadaro,2007
408,Rafaellle,Faldoe,2006
409,Bernard,Brandes,1996
410,Alastair,Blazynski,1969
411,Shirlee,Turrell,1997
412,Gun,Wakeford,2004
413,Kelly,Lebarree,2012
414,Hildagarde,Wharlton,2010
415,Valaria,O'Doogan,2012
416,Amalle,Cheng,2004
417,Vasilis,Giampietro,1999
418,Conchita,Bandey,2007
419,Dallis,Courson,2004
420,Marilyn,Berrey,1997
421,Gaven,MacDaid,2001
422,Harlen,Dyer,2010
423,Claribel,Beggio,2011
424,Elena,Whitnell,2000
425,Morgan,Bliss,2004
426,Chadd,Andersch,2008
427,Sofia,McGlew,1988
428,Jillene,Ellicock,2006
429,Moina,Willock,1995
430,Jefferson,Looker,1999
431,Meta,Giffon,1984
432,Ashlan,Sinnie,1987
433,Dal,Jirzik,2001
434,Ade,Whiten,1999
435,Dante,Reardon,1999
436,Alicea,Insull,2012
437,Archibald,Moulton,2001
438,Mariya,McIver,2007
439,Quinn,Dengel,2012
440,Rayna,Stansby,2001
441,Frankie,Wood,1992
442,Marietta,Groves,1996
443,Cassy,Babe,1996
444,Ora,Drache,2002
445,Tabbi,Chessel,2010
446,Antonin,Meineking,1995
447,Lotti,Phythien,1996
448,Erny,Brodhead,2002
449,Trever,Coupland,1992
450,Lorettalorna,Silverman,2012
451,Lyda,Deabill,2002
452,Midge,Cliburn,1996
453,Mellicent,Carrick,1993
454,Galvin,Gaskin,2012
455,Sileas,Olpin,1996
456,Riva,Gonsalo,2004
457,Ethelda,Hearst,2011
458,Georges,Aldam,1990
459,Courtney,Saker,2013
460,Micheil,Bunney,1972
461,Cesare,Dingsdale,2009
462,Drucy,Padginton,1997
463,Kaylil,Wildsmith,2005
464,Rozanna,Iczokvitz,2012
465,Lian,Barrell,1996
466,Ase,Flounders,1986
467,Nancy,Pagin,2011
468,Lyell,Elderfield,1994
469,Odey,Scroxton,2010
470,Sascha,Brimmacombe,2006
471,Vinnie,Legate,2000
472,Reginauld,Crewther,1970
473,Nicolais,Plaice,2011
474,Burnaby,Batchan,1995
475,Elyn,Mawby,1987
476,Kaile,Truggian,2008
477,Maryrose,Cuthbertson,2010
478,Mano,Philipet,1997
479,Felicle,Syred,2004
480,Auberta,Nardi,2011
481,Hobart,Minker,2009
482,Chere,Ertel,2006
483,Derek,Billie,1984
484,Glenine,Klimschak,2012
485,Ennis,O'Fihillie,2009
486,Mariam,Lead,2012
487,Doy,Crutchfield,1988
488,Cinderella,Semper,2002
489,Kerri,Killner,2000
490,Heidi,Mahmood,1998
491,Kip,Breagan,2005
492,Bonni,Claus,2002
493,Pat,Benneyworth,1998
494,Mickie,Dericot,2007
495,Erastus,Tarpey,2010
496,Helaina,Brandt,2002
497,Mariejeanne,Reany,1987
498,Tan,Pestridge,2003
499,Katharina,Lexa,2012
500,Nels,Gentry,2010
501,Robin,Butterfill,2010
502,Tyson,Woolgar,1994
503,Hermine,Snoddin,2004
504,Germaine,Ferson,2000
505,Kinnie,Secrett,2007
506,Elvera,Gasnoll,1997
507,Berte,Widdup,2003
508,Trish,Tiptaft,2008
509,Brandy,Hyde-Chambers,1990
510,Charmian,Monni,1999
511,Murielle,Meagher,1991
512,Florence,Pasmore,1993
513,Derby,Wayland,1998
514,Merell,Maria,2012
515,Karon,Hocking,1997
516,Othello,Alvarado,1984
517,Lammond,Kondratyuk,1995
518,Sascha,Yexley,1992
519,Wolf,Tickel,2002
520,Alard,Jude,2012
521,Ashla,Revely,2004
522,Donni,Jeandel,2008
523,Willi,Peggs,2007
524,Megen,Spofford,2006
525,Sheree,Speedin,1990
526,Yvonne,Shorey,2008
527,Ichabod,Buggs,2002
528,Evy,Risely,2004
529,Gaby,Robbeke,2000
530,Annadiana,Skechley,1999
531,Naomi,De La Salle,1995
532,Aleda,Waite,2003
533,Sander,Flisher,1993
534,Brooke,Eyres,2010
535,Seth,Licquorish,1988
536,Eulalie,Tappin,2007
537,Hayes,Jenkyn,2003
538,Lyndsey,Dadswell,1992
539,Boyce,Goman,2005
540,Delmer,Gotliffe,1977
541,Malissia,Clere,2012
542,Jillie,Lecount,2009
543,Lara,Shieldon,2006
544,Man,Carillo,2010
545,Ogdan,Schuh,1994
546,Anthea,Tuck,1994
547,Vito,Asaaf,1992
548,Anette,Braxton,1993
549,Grace,Foley,1995
550,Geno,Indge,2001
551,Boot,Winchcomb,2006
552,Sheffy,Paige,1998
553,Alecia,Hurford,1998
554,Kiele,Rebbeck,2010
555,Hatty,Rawcliffe,2003
556,Nonnah,Rubury,1995
557,Shawnee,Macconaghy,1985
558,Wandie,Siaspinski,2007
559,Burlie,Alenov,2006
560,Nadine,Itzhak,1987
561,Cally,Pagitt,1986
562,Dotti,Cookley,1992
563,Marney,McQuie,1992
564,Georgine,Hacksby,2006
565,Malcolm,Fulep,2010
566,Cinnamon,Dingsdale,1985
567,Jacintha,Paeckmeyer,1987
568,Wyatan,Wattinham,2002
569,Sanson,Parncutt,1984
570,Carlynn,Easdon,1995
571,Dominica,Takis,2012
572,Ruthi,Kroll,2002
573,Lavina,O'Moylane,2002
574,Agnella,Starmore,2005
575,Lev,Gullick,2010
576,Roana,Hastler,1998
577,Dedie,Innman,2004
578,Auroora,Krollmann,2002
579,Abe,Birchner,2003
580,Witty,Carman,2010
581,Felicio,Aindrais,2012
582,Livvy,Benez,2006
583,Cosetta,Genge,2010
584,Grant,Auden,2007
585,Clarice,Denney,1976
586,Anna-diana,Ottey,1999
587,Matthew,Lennox,1970
588,Maurine,Casson,1997
589,Gideon,Ash,2012
590,Gal,Keel,1997
591,Veronike,Lewsey,1993
592,Stevie,Florey,1986
593,Cristin,Thurlborn,1991
594,Addy,Gelardi,2007
595,Andie,Allsep,2007
596,Kevina,Bewick,2005
597,Isabelita,McTaggart,1999
598,Roanne,Vellden,1997
599,Nickolaus,Rama,2006
600,Lynne,Jodkowski,2001
601,Kenton,Scriviner,2009
602,Dorita,Mosby,2000
603,Mitzi,Norgate,2001
604,Guendolen,Daber,2007
605,Cicely,Kubas,2003
606,Guido,Flinn,2008
607,Genvieve,Ambresin,2004
608,Lucio,Vasyunichev,2003
609,Selby,Matejovsky,1996
610,Barri,Palia,1987
611,Robinet,Sells,2008
612,Daisie,Clewarth,2001
613,Cleveland,Tabard,2007
614,Winifield,Strother,2009
615,Althea,Leyman,2001
616,Silvana,St Pierre,1996
617,Frasier,Elham,1989
618,Bevon,Danigel,2010
619,Miguel,Kaindl,2005
620,Rosamond,Deyes,2012
621,Silvanus,McSwan,2009
622,Devin,Stoffel,1993
623,Vernen,Breagan,2009
624,Abigale,Pietsma,2007
625,Ray,Daborne,2005
626,Rudd,Bigley,2004
627,Katerine,Bradbury,2000
628,Carole,Cattonnet,2007
629,Kirbee,McCool,2007
630,Federica,Arrault,2011
631,Mariya,Jeanenet,2012
632,Ari,Bartzen,2003
633,Dalt,Kettell,2005
634,Jeddy,Balshen,1997
635,Lefty,Rubinfeld,1996
636,Townsend,Turrell,2000
637,Vina,Funcheon,2009
638,Lian,Morgen,2009
639,Jaquenetta,Stickland,1994
640,Ches,Stallebrass,2005
641,Andre,Antognelli,2003
642,Conny,Mansford,1994
643,Philip,Josilevich,2005
644,Hobart,Chatwood,2010
645,Cliff,Pither,2000
646,Nike,Jendrich,2005
647,Cherice,Kuschek,1997
648,Merrill,MacDonough,1998
649,Viviana,Sapir,2011
650,Nance,Chasney,1996
651,Gratia,Cubuzzi,2000
652,Joela,Gatman,2005
653,Farlee,Coll,1994
654,Sonia,Steketee,1992
655,Gwendolin,Pabelik,2011
656,Sebastian,MacKinnon,2002
657,Peirce,Haddrell,2008
658,Mandy,Frigout,1990
659,Daphene,Simenot,1988
660,Lorin,Britt,1996
661,Aeriel,Harms,2011
662,Berton,Rate,2004
663,Nelly,Cumo,2006
664,Carlee,De Andisie,1992
665,Kristel,Peiser,2010
666,Sim,Dell Casa,1997
667,Trista,Richarson,2010
668,Merill,Pawden,1964
669,Arty,Ruffy,1993
670,Dianemarie,Tomich,1995
671,Boniface,Millam,2010
672,Henryetta,Brazenor,1989
673,Marya,Sirmon,2003
674,Marwin,Frascone,2005
675,Jamaal,O'Daly,2010
676,Darin,Maymond,2013
677,Logan,O'Kynsillaghe,2008
678,Brett,Rennick,1989
679,Genni,Loude,1994
680,Trace,Dahle,1993
681,Ruthe,Tewelson,1985
682,Matthaeus,Severwright,2013
683,Willem,Hanning,2011
684,Gian,Seaking,1998
685,Timothea,Leving,1992
686,Shea,Hemphill,1994
687,Clywd,Bendel,1992
688,Ilene,Callander,1987
689,Marjy,Beesley,1995
690,Tan,Force,2003
691,Shirline,Cary,1997
692,Jenifer,Beri,2009
693,Giselbert,Fogel,2011
694,Flint,Milbourne,2009
695,Payton,Sherebrook,2007
696,Filia,Shucksmith,1989
697,Gennie,Janson,2006
698,Flint,Gavrielly,2012
699,Norbie,Gauden,2006
700,Rosetta,Kilpin,1992
701,Cass,Birtles,2003
702,Leeanne,Bodicam,1996
703,Jerri,Jarritt,2007
704,Maurine,McFade,2004
705,Sheridan,Muckley,2004
706,Tabbatha,Maffey,2003
707,Zitella,Moroney,1997
708,Alberik,Idel,1995
709,Tabby,Honnicott,2005
710,Gregory,Hamsley,1999
711,Katharine,Avraam,2011
712,Marcus,Forten,2006
713,Bobbe,Signore,2001
714,Brigitta,Chellam,2005
715,Hope,Palke,1992
716,Maura,Reardon,2006
717,Hunfredo,Kerwen,1998
718,Cullie,Quinnet,2009
719,Tessy,Petrov,1993
720,Tyson,Osichev,2002
721,Camala,Reiners,2000
722,Jerrie,Kissick,1986
723,Cynthie,Dopson,2004
724,Quentin,McGillreich,2004
725,Daren,Wyld,2006
726,Kipper,Dinjes,1996
727,Nickie,Hartnup,2003
728,Erinn,Baszniak,1999
729,Dion,MacGee,2010
730,Jo-ann,Been,2001
731,Robinett,Trulocke,2003
732,Zita,Leftbridge,2008
733,Olympia,Nagle,2010
734,Ulysses,Witton,1969
735,Ode,Sames,2010
736,Pierette,Briscow,2000
737,Trace,Ferrarotti,2007
738,Samson,Oley,1986
739,Ddene,Bruhnke,1995
740,Valida,McFee,1992
741,Agnese,Crufts,2011
742,Shae,Farmer,2004
743,Carlynne,Patise,2009
744,Lonnie,Alflatt,2006
745,Lewiss,Barratt,2012
746,Ophelie,Lambrechts,1990
747,Claudelle,Hendrich,1984
748,Gun,Iacovelli,1992
749,Alair,Arnaez,2012
750,Vasili,Kimble,1964
751,Frederic,Cornner,1967
752,Ange,Bortol,2005
753,Irene,McFadden,2008
754,Dennet,McSkin,1997
755,Cariotta,Pilcher,2003
756,Riannon,Harbottle,1997
757,Lambert,Coundley,1990
758,Sheela,Holbarrow,2003
759,Desmund,Woodvine,2003
760,Karna,Sackett,1998
761,Patrice,Schultze,2008
762,Rurik,Ellingsworth,1985
763,Sidonnie,Howler,2009
764,Zabrina,Gabbetis,1990
765,Elvin,Leirmonth,2004
766,Sherlocke,Widmore,2011
767,Gregory,Drury,1997
768,Mel,Huie,2011
769,Calhoun,Dimmer,2006
770,Loreen,Haffard,1998
771,Gennifer,Nigh,2008
772,Panchito,Durnan,2008
773,Orly,Gerhold,1992
774,Ronica,Brusle,2007
775,Lyn,Izhaky,2001
776,Jeromy,Sieve,1991
777,Rudolph,Skene,1991
778,Oliy,Buddle,2009
779,Tibold,Lummis,1992
780,Deane,Ludee,2004
781,Barnabas,O'Loghlen,2005
782,Courtnay,Curado,2005
783,Bernhard,Billborough,2007
784,Chelsey,Benes,1993
785,Orlan,Resun,1987
786,Anatola,Callendar,2001
787,Vannie,Macon,1994
788,Berkly,Reed,2002
789,Jillian,Duchant,2009
790,Isobel,O'Cannon,1991
791,Amalie,Exley,2010
792,Tabbatha,Hukin,2006
793,Kendal,Kaliszewski,1995
794,Hamid,Lebbon,1997
795,Delila,Keeble,1999
796,Barbara-anne,McVaugh,2008
797,Diarmid,Benech,1989
798,Harrie,Minney,2007
799,Charmion,De Meis,1993
800,Dynah,Battill,1996
801,Simeon,Grimmer,1994
802,Ardelia,Ellams,2005
803,Zane,Tizzard,2009
804,Lilias,Seabon,1950
805,Tabatha,Zanni,2009
806,Karisa,McDugal,2008
807,Dwayne,Nosworthy,2006
808,Jacob,Jouandet,1992
809,Mackenzie,McDowell,2003
810,Delcina,Boar,2010
811,Tallou,Cressar,1996
812,Gayelord,Le Gassick,1994
813,Lilyan,Illingworth,2011
814,Carry,Snadden,1968
815,Carlie,McTavish,1998
816,Davine,Usborn,1989
817,Donni,Cocking,2007
818,Asa,Gover,1994
819,Aviva,Mepsted,2007
820,Viviana,Giveen,1998
821,Pembroke,Haslen,1993
822,Bradford,Golda,1988
823,Bebe,McFee,2000
824,Casandra,Crossgrove,2003
825,Abbe,Reichelt,2008
826,Jessy,Lantaff,1994
827,Shelley,Mayhew,1986
828,Jackie,Sawnwy,2004
829,Caryl,Ganniclifft,2006
830,Scarface,Tongue,1989
831,Dannye,Coryndon,2004
832,Binky,Fishbourne,2003
833,Nial,McGebenay,1999
834,Rickie,Maffione,2000
835,Codie,Dalligan,1984
836,Rutledge,Dingwall,2007
837,Carr,Nozzolii,1989
838,Nigel,Botly,2008
839,Delilah,Cookes,1986
840,Florence,Lapworth,1990
841,Alane,Daud,1997
842,Bernadene,Tuxill,1996
843,Shayne,Willoughby,2010
844,Ola,Prenty,2004
845,Zsazsa,Phillins,2005
846,Codie,Woodfield,2009
847,Filide,Eyam,1970
848,Bobbie,Yair,2006
849,Lianna,Foulcher,2008
850,Westbrook,Dwyer,2009
851,Shirleen,Beare,2002
852,Violetta,Cowtherd,2007
853,Nike,Ponnsett,1994
854,Dag,Carlon,1992
855,Cullin,Bingall,2010
856,Garald,Naisbit,2003
857,Myles,Heugel,2011
858,Edd,Grolle,1997
859,Abagael,MacKimmie,2000
860,Minny,Marcq,2006
861,Durward,Coggill,1984
862,Ronny,Compton,1992
863,Howie,Rutland,2008
864,Yulma,Hatzar,2000
865,Sybil,Gisbey,2008
866,Sibel,Cawthron,2005
867,Alistair,MacGoun,1995
868,Sammy,Howden,2003
869,Celestyn,Royce,2011
870,Dolorita,Andreev,1989
871,Nial,Salzburg,1996
872,Pebrook,Lindhe,2005
873,Natassia,Waterworth,2010
874,Leelah,O'Hagerty,2004
875,Duffy,Rowes,1996
876,Inness,Smurfitt,2010
877,Eddie,Cleaves,1997
878,Dorian,Bycraft,1993
879,Daryle,Blacktin,1999
880,Wadsworth,McHenry,2012
881,Irv,Stalf,2000
882,Gabriele,Mullineux,2006
883,Aharon,Kingswoode,1994
884,Bartie,Laban,2001
885,Sheelah,Currie,1996
886,Rowen,Spoors,2001
887,Rafaela,Terzza,2000
888,Gerick,Ireland,1999
889,Jori,Chicchetto,2004
890,Roxy,McCord,2011
891,Federica,Males,2006
892,Osgood,Downing,2010
893,Kassi,Franchi,2007
894,Roxanna,Knight,2000
895,Collette,Nunnerley,2004
896,Arleta,McCraw,2009
897,Orelie,Addinall,1994
898,Rori,Maps,2010
899,Herve,Longley,2011
900,Marthena,Huffa,1996
901,Tanhya,Olfert,2008
902,Brendis,Kennington,2005
903,Dasha,Sterzaker,1985
904,Deina,Bridywater,2002
905,Netta,McMurty,2012
906,Rip,Thorogood,1991
907,Denis,Able,2005
908,Serge,Caistor,2009
909,Ainslee,Deathridge,2004
910,Claudia,Ratie,1985
911,Lucho,Coare,1994
912,Mikel,Cuchey,2003
913,Jilli,Danks,2006
914,Tabbatha,Huster,1995
915,Lyn,Tobin,1994
916,Sheri,Scothorne,1998
917,Serene,Wandrich,2009
918,Ros,Toulch,1995
919,Ophelia,Carrol,1997
920,Kalila,Gobeaux,1990
921,Grazia,Auguste,1989
922,Lucas,Dabbes,2006
923,Wheeler,Lanaway,2002
924,Gabriel,Petrushka,2005
925,Janot,Rabat,2006
926,Moise,Barabich,2005
927,Hesther,Server,2012
928,Jeromy,Chittem,2012
929,Dore,Kingett,2006
930,Kaja,Rumney,2012
931,Zach,Whiles,2001
932,Giustino,Gainsborough,1992
933,Jewelle,Sinnat,2003
934,Lisle,Bumpus,2011
935,Corrina,Anning,2007
936,Elyn,Hackford,1993
937,Nikkie,Lunk,1998
938,Oberon,Como,2000
939,Daffi,Bjerkan,2002
940,Ernie,Jedrasik,2004
941,Krista,Grattan,2010
942,Bowie,Congreve,1995
943,Rosalie,Bleackly,1996
944,Dianemarie,Oblein,2001
945,Fairfax,Dickings,1996
946,Tallou,Ciric,1998
947,Shelley,Sullly,2010
948,Dulcie,Mazzeo,2004
949,Mair,Mesias,2001
950,Siouxie,Dominicacci,1993
951,Haskel,Hens,1998
952,Hallsy,Barley,2011
953,Magdaia,Amsberger,2000
954,Garret,Petracco,1992
955,Zarah,McAirt,2011
956,Ronna,Scothorne,1986
957,Valentine,Tewkesberry,2012
958,Arron,Simmins,1986
959,Ulrick,Teall,1999
960,Aggie,Kennefick,2012
961,Sydney,von Grollmann,2007
962,Leodora,Wadge,1999
963,Arman,Aluard,1988
964,Etty,Bielefeld,1992
965,Sergio,Hallor,2002
966,Fedora,Valentinetti,2005
967,Erena,Dessent,2012
968,Bernadine,Cossell,2009
969,Jamaal,Simpole,1986
970,Joete,Glander,2009
971,Bobbe,Dorricott,2000
972,Fraser,Singh,1999
973,Avery,Odger,1997
974,Estell,Grundon,1987
975,Monte,Herreros,1996
976,Gertrude,Lathe,2003
977,Augy,Sinderland,2006
978,Delano,Allsopp,2008
979,Blondy,Marousek,2007
980,Anabal,Pasby,1997
981,Casar,Torald,1985
982,Suzi,Warcop,1999
983,Andrew,Goodridge,1993
984,Vale,Moorcraft,2002
985,Tonia,Ibeson,1993
986,Bjorn,Greiser,1996
987,Ly,Jekyll,1993
988,Philly,Willbourne,1997
989,Murial,Fredi,2009
990,Cully,Hiers,1998
991,Peter,Mohring,2008
992,Renell,Maclean,1995
993,Janela,Tripett,1996
994,Edik,Lunge,1967
995,Cinnamon,Sowman,1999
996,Beilul,Senten,2004
997,Bonny,Woolland,1959
998,Gerianna,Devennie,1987
999,Danni,Cudde,2000
1000,Morgana,Pieroni,2008
